"file","title","doc_type","bucket","final_disposition","best_manual_section","best_manual_similarity","best_canon_title","best_canon_similarity","justification"
"activation-volume-vs-interaction-volume.md","ACTIVATION volume vs INTERACTION volume","SET_TOPIC","REDUNDANT","proposed-discard","4.4 Live Actor Components","0.752965","NinjaLive v2 Limitations Descriptor","0.753081","The candidate is a title and a list of topic tags; the substantive technical definitions of Activation Volume and Interaction Volume are fully covered in Canon 2 and 3."
"adding-coastline-foam-to-the-basematerial-1.md","adding coastline foam to the base.material","SET_TOPIC","NOVEL","active","4.10 OutputMaterial Tricks","0.726686","NinjaLive v2 Content Descriptor","0.739568","The canon discusses coastline setups and output materials, but does not mention using a 'Distance Field Output' connected to 'Sim.Density' in a 'WorldSpaceGeneric Material' to create foam."
"adding-coastline-foam-to-the-basematerial.md","adding coastline foam to the base.material","SET_TOPIC","NOVEL","active","4.10 OutputMaterial Tricks","0.726686","NinjaLive v2 Content Descriptor","0.739568","The canon discusses coastline setups and output materials, but does not mention using 'Distance Field Output' connected to 'Sim.Density' in a 'WorldSpaceGeneric Material' to create coastline foam."
"adjusting-snow-or-sand-depth.md","ADJUSTING SNOW (or SAND) DEPTH","SET_TOPIC","NOVEL","active","4.10 OutputMaterial Tricks","0.753368","NinjaLive v2 Content Descriptor","0.776520","The canon mentions Parallax Occlusion Mapping generally, but contains no mention of the specific actor 'NinjaLive_Large_FluidSim', the material 'MI_SnowMaterial_Ground_MultiLayer', or the specific parameters 'AdjustPixelDepthOffset' and 'ParallaxHeight'."
"adjusting-volume-smoke-height.md","ADJUSTING VOLUME SMOKE HEIGHT","SET_TOPIC","PARTIAL","active","11. Volumetrics","0.773552","NinjaLive v2 Content Descriptor","0.777762","The candidate provides specific material names ('MI_VolumeSmoke_DirLit_Noisy_Snow') and exact parameter names ('Extrude', 'ExtrudeSoften') for adjusting smoke height that are not present in the canon excerpts."
"avoid-or-filter-interaction-with-skeletal-meshes.md","AVOID or FILTER INTERACTION WITH SKELETAL MESHES","SET_TOPIC","PARTIAL","active","5.8 Object Pivots and Bones","0.791612","NinjaLive v2 Content Descriptor","0.809645","The candidate introduces specific parameter names for NinjaLiveComponent continuous interaction (/ContinousInteractionInclusiveObjType and /ContinousInteractionBoneNamesExact) that are not present in the provided canon excerpts."
"avoiding-rendertarget-conflict.md","AVOIDING RENDERTARGET CONFLICT","SET_TOPIC","NOVEL","active","11. Volumetrics","0.792456","FluidNinja LIVE-2 Manual","0.792456","The canon excerpts do not cover render target conflict avoidance or the requirement for separate render targets for each NinjaLive container."
"buoyancy.md","BUOYANCY","SET_TOPIC","PARTIAL","active","15.1 Comparison","0.807417","NinjaLive v2 Content Descriptor","0.822381","The canon confirms the 2D nature of the sim and the use of pressure buffers for height-displacement, but it does not mention the specific Niagara-based GPU readback technique (Export/Receive Particle Data) for CPU-side buoyancy."
"cartoony-look.md","CARTOONY LOOK","SET_TOPIC","PARTIAL","active","4.10 OutputMaterial Tricks","0.711249","NinjaLive v2 Content Descriptor","0.717052","While canon mentions 'Detail Flow Mapping', the candidate adds a specific stylistic instruction regarding the use of POWER functions on the density buffer to achieve a 'cartoony look'."
"caustics-vs-ue5.md","CAUSTICS vs UE5","SET_TOPIC","NOVEL","active","14. Limitations and Bugs","0.766308","FluidNinja LIVE-2 Manual","0.766308","The canon contains no mention of a UE5 bug specifically affecting underwater caustics or a corresponding workaround."
"changing-flow-direction-of-world-space-sims.md","CHANGING FLOW DIRECTION OF WORLD-SPACE SIMS","SET_TOPIC","PARTIAL","proposed-scope-reject","4.5 Transforms","0.809381","NinjaLive v2 Content Descriptor","0.813015","The candidate provides a specific workflow for changing flow direction via the preset manager in a 'tile generator simulation', which is not covered in the canon excerpts."
"changing-fluidsim-texture-input.md","CHANGING FLUIDSIM TEXTURE INPUT","SET_TOPIC","PARTIAL","proposed-scope-reject","5.1 Bitmaps","0.831664","NinjaLive v2 Content Descriptor","0.841416","The candidate provides specific step-by-step instructions for using the 'NinjaLive_PresetManager' Actor and its UI to change bitmaps at runtime, which is not detailed in the canon excerpts."
"character-fx-quickstarter.md","CHARACTER FX QUICKSTARTER","SET_TOPIC","PARTIAL","active","1. Introduction","0.775012","NinjaLive v2 Content Descriptor","0.789638","The candidate introduces a specific parameter 'ContinuousInteractionWithOwner' and a requirement to provide 'BONE names' for tracking, neither of which are explicitly detailed in the provided canon excerpts."
"child-actor.md","CHILD ACTOR","SET_TOPIC","PARTIAL","active","2.1 Typical Setups","0.730643","NinjaLive v2 Content Descriptor","0.734760","The canon explains the relationship between Live Actor and Live Component, but it does not explicitly warn against using Ninja as a 'Child Actor' or provide the specific architectural advice to use the Component or parenting instead."
"cloud-rendering.md","CLOUD RENDERING","SET_TOPIC","PARTIAL","proposed-scope-reject","11. Volumetrics","0.761310","NinjaLive v2 Content Descriptor","0.768335","The candidate provides a specific technical failure report regarding the 'Generic Component Renderer' and the inability to bind 'Material' parameters for CVOL in UE 5.7 preview, which is not covered in the canon."
"coastlines-riverbanks.md","COASTLINES, RIVERBANKS","SET_TOPIC","NOVEL","active","14.1 Terrain Flow","0.777060","NinjaLive v2 Content Descriptor","0.800761","The candidate provides specific material-level workarounds (depthfade, global distance fields) and a technical solution for WorldSpace collision masks via Discord links, none of which are mentioned in the canon excerpts."
"collision-points-vs-shapes.md","COLLISION --- POINTS vs SHAPES","SET_TOPIC","PARTIAL","active","4.2 Interaction: Points","0.775763","FluidNinja LIVE-2 Manual","0.775763","The candidate provides specific practical examples (bone counts for pawns/hands) and external video links not present in the canon, although the core technical concepts of point vs. shape (SDF/SceneCapture) are covered."
"complexity.md","COMPLEXITY","SET_TOPIC","PARTIAL","proposed-scope-reject","1. Introduction","0.800349","NinjaLive v2 Content Descriptor","0.813830","While the canon covers internal/external rendering and input sources, the candidate provides a specific structured 'complexity' learning path and maps these concepts to specific tutorial levels and external video links not present in the canon."
"controlling-ninja-in-real-time.md","CONTROLLING NINJA IN REAL TIME","SET_TOPIC","PARTIAL","proposed-scope-reject","13.1 Sequencer","0.837978","FluidNinja LIVE-2 Manual","0.837978","The candidate adds specific practical use-case examples (area FX and character ability FX) and introduces the 'Preset Manager' tool for interactive testing, which are not present in the canon excerpts."
"copy-pasting-ninja.md","COPY-PASTING NINJA","SET_TOPIC","PARTIAL","active","3.4 Adjusting Setups","0.840587","FluidNinja LIVE-2 Manual","0.840587","The candidate adds specific technical warnings about directional light references for 2D raymarching and the need to re-set bone names when copy-pasting, which are not present in the canon."
"custom-tracemesh-vs-overlap-detection.md","CUSTOM TRACEMESH vs OVERLAP DETECTION","SET_TOPIC","NOVEL","proposed-scope-reject","4.4 Live Actor Components","0.756743","NinjaLive v2 Content Descriptor","0.757925","The candidate discusses 'Custom TraceMesh' and specific collision property troubleshooting for StaticMeshes, whereas the canon only covers overlap detection via Class Filters, Tags, and Interaction Volumes."
"defining-custom-sim-area-shape-collision-masking-vs-negative.md","DEFINING CUSTOM SIM AREA SHAPE: COLLISION MASKING vs NEGATIVE BRUSH","SET_TOPIC","PARTIAL","active","14.5 Interaction Volume","0.800573","NinjaLive v2 Limitations Descriptor","0.809006","The candidate provides specific technical implementation details not found in the canon, such as the exact parameter path for CollisionMask (/NinjaLiveComponent /LiveGeneric /CollisionMask) and the specific workflow of using a Scene Capture Camera with a RenderTarget for dynamic masking."
"destructibles.md","DESTRUCTIBLES","SET_TOPIC","NOVEL","proposed-scope-reject","14.7 Bug: Destructibles","0.762985","NinjaLive v2 Limitations Descriptor","0.765046","The candidate claims destructibles are currently not supported due to a CPU/GPU architecture conflict between Ninja and Chaos, whereas the canon explicitly describes multiple supported methods for using Chaos destructibles as simulation input."
"details.md","DETAILS","SET_TOPIC","PARTIAL","proposed-scope-reject","8.2 Sim area XY proportions","0.805257","NinjaLive v2 Content Descriptor","0.821029","The candidate provides specific technical instructions regarding resolution ratios matching area scale, custom ray sources for low-angle glitches, and the use of detail maps, none of which are covered in the canon excerpts."
"driving-fluidsim-with-particles.md","DRIVING FLUIDSIM WITH PARTICLES","SET_TOPIC","PARTIAL","active","5.6 Particles","0.763965","NinjaLive v2 Content Descriptor","0.791196","The candidate introduces a specific use case (using a SceneCapture Camera to grab particle data for the sim) and references a YouTube video, which is not covered in the canon excerpts; the canon only discusses SceneCapture for elevation/depth data."
"driving-niagara-particles.md","DRIVING NIAGARA PARTICLES","SET_TOPIC","PARTIAL","active","5.6 Particles","0.803098","NinjaLive v2 Content Descriptor","0.824751","The candidate adds specific technical constraints not found in the canon, such as the 'SampleTexture' function being accessible ONLY in GPU particle systems and the specific use of Screen DepthBuffer and DistanceFields for collision."
"driving-objects-with-sim-velocity.md","DRIVING OBJECTS WITH SIM VELOCITY","SET_TOPIC","PARTIAL","active","4.9 OutputMaterials","0.801253","NinjaLive v2 Content Descriptor","0.818268","While canon covers driving Niagara particles via sim velocity, the candidate adds specific technical instructions for driving non-particle PhysicsBodies via Blueprint using 'ReadRenderTargetRawUV' and explains the RG channel mapping for velocity vectors."
"duplicating-setups-and-making-prefabs.md","DUPLICATING SETUPS and MAKING PREFABS","SET_TOPIC","PARTIAL","active","3.4 Adjusting Setups","0.801726","FluidNinja LIVE-2 Manual","0.801726","While the canon covers tag conflicts and modularity, the candidate adds specific technical instructions regarding the use of dynamic render targets to avoid conflicts when duplicating Niagara-to-Ninja particle capture setups."
"dynamic-asset-loading.md","DYNAMIC ASSET LOADING","SET_TOPIC","PARTIAL","active","5.1 Bitmaps","0.787961","FluidNinja LIVE-2 Manual","0.787961","The candidate provides specific technical instructions for 'hardwiring' bitmap inputs via /Overwrite Preset Density/Velocity Input options, which are not present in the provided canon excerpts."
"dynamic-simulations-vs-limited-sim-area.md","dynamic simulations vs limited sim area","SET_TOPIC","REDUNDANT","proposed-discard","6.3 Extending The Sim Area","0.786534","NinjaLive v2 Limitations Descriptor","0.788281","The candidate's technical claims regarding clamping for auto-filled water (Canon 1, 2, 4), player-attached vs. fixed sim areas (Canon 2, 5), spline-mesh based surfaces (Canon 3, 4), and simulation caching (Canon 1, 5, 6) are all fully covered by the provided excerpts."
"dynamically-rescaling-a-volumesmoke-container.md","DYNAMICALLY RESCALING A VOLUMESMOKE CONTAINER","SET_TOPIC","PARTIAL","active","12.4 Distance Based Modes","0.724640","NinjaLive v2 Content Descriptor","0.746017","The candidate provides specific technical implementation details regarding the 'VolumeSmoke' container's proxy objects and a workaround for dynamic rescaling via 'growing density' in sim space, which are not covered in the canon."
"embedding-volumesmoke-to-ninjalive-bp.md","EMBEDDING VOLUMESMOKE TO NINJALIVE BP","SET_TOPIC","PARTIAL","active","1. Introduction","0.747507","NinjaLive v2 Content Descriptor","0.756567","While the canon confirms that NinjaLive can be used for character effects and supports CameraFacing mode, the candidate provides a specific implementation instruction (adding VolumeSmoke BP as a 'Child Actor' to the NinjaLive BP) not found in the excerpts."
"engine-upgrade-vs-ninja-upgrade.md","ENGINE UPGRADE vs NINJA UPGRADE","SET_TOPIC","PARTIAL","active","3.1 Merging Ninja","0.781779","FluidNinja LIVE-2 Manual","0.781779","The candidate provides a specific workflow for upgrading the Unreal Engine version of a host project and the corresponding 're-merge' strategy to preserve TraceChannels and custom assets, which is not covered in the provided canon excerpts."
"explaining-volume-concepts.md","EXPLAINING VOLUME CONCEPTS","SET_TOPIC","PARTIAL","active","11. Volumetrics","0.823369","FluidNinja LIVE-2 Manual","0.823369","The candidate adds specific technical comparisons not found in the canon, including the Z-sorting capabilities of SVOL vs HVOL, the single vs multiple light-source limitation of SVOL, and the claim that Niagara only drives HVOL."
"foliage.md","FOLIAGE","SET_TOPIC","PARTIAL","active","4.8 DirectDrive","0.808076","NinjaLive v2 Content Descriptor","0.831405","The candidate provides specific internal parameter paths for the 'old method' (/SetInternalParamsToMat.Param.Collection) and a critical warning that the Grass.Generator Blueprint is for demonstration only, neither of which are present in the canon."
"footsteps.md","FOOTSTEPS","SET_TOPIC","REDUNDANT","proposed-discard","14.5 Interaction Volume","0.756424","NinjaLive v2 Limitations Descriptor","0.767962","The candidate provides a conversational example of the technical behavior described in Canon 1 and 2, where points (bones) inside the interaction volume trigger the simulation and points outside are ignored."
"forward-rendering.md","FORWARD RENDERING","SET_TOPIC","PARTIAL","active","2.15 Output Materials","0.776751","NinjaLive v2 Content Descriptor","0.776941","The candidate adds specific technical details regarding the compute-shader nature of the core fluidsim, the HLSL implementation of pressure solver v2, and its compatibility with DirectX and Android OpenGL ES 3.1, which are not present in the canon."
"fps-hands-vfx.md","FPS-HANDS VFX","SET_TOPIC","PARTIAL","proposed-scope-reject","Persistency vs Feedback","0.767350","NinjaLive v2 Content Descriptor","0.768243","The candidate provides specific technical guidance on 'PUNCTURE' vs 'DRAG' for FPS movement and UI behavior (red text for overdriving) not found in the canon excerpts."
"global-ground-fog.md","GLOBAL GROUND FOG","SET_TOPIC","PARTIAL","active","11. Volumetrics","0.815700","FluidNinja LIVE-2 Manual","0.815700","The candidate introduces three specific architectural methods for achieving global coverage (Tiling, World Offset, and Container Arrays) and provides external video links not present in the canon."
"global-vs-local.md","GLOBAL vs LOCAL","SET_TOPIC","PARTIAL","active","2.1 Typical Setups","0.783095","FluidNinja LIVE-2 Manual","0.783095","While the canon describes local (Solo) vs global (External/Extended) setups, the candidate adds a specific external reference to a YouTube 'UseCase' playlist for detailed demonstrations."
"global.md","Global","SET_TOPIC","PARTIAL","active","9.2 Mapping: Local vs World","0.789145","NinjaLive v2 Content Descriptor","0.801027","The candidate provides specific technical details about the 'headless' editor behavior and the specific base material (M_NinjaOutput_WorldSpaceGeneric) used for placeholder visuals, which are not present in the canon excerpts."
"how-ninjalive-works.md","HOW NINJALIVE WORKS","SET_TOPIC","PARTIAL","active","1. Introduction","0.820684","NinjaLive v2 Content Descriptor","0.827738","The candidate introduces specific technical implementation details not found in the canon, namely the 'separated, kernel-blur based pressure solver' and the 'feedback cycle' architecture."
"hq-settings-for-cinematic-render.md","HQ SETTINGS FOR CINEMATIC RENDER","SET_TOPIC","PARTIAL","active","Warnings","0.821816","FluidNinja LIVE-2 Manual","0.821816","The candidate provides specific technical optimizations not found in the canon, including 'UsePressureSolver1' settings, pressure iteration counts (32/64), and specific console commands for 'r.volumetricfog.gridpixelsize'."
"hq-volumesmoke-for-cinematics.md","HQ VOLUMESMOKE FOR CINEMATICS","SET_TOPIC","PARTIAL","active","11. Volumetrics","0.793552","FluidNinja LIVE-2 Manual","0.793552","The candidate introduces a specific three-component quality framework (core sim, bridge RenderTarget, and material instance) and mentions the 'bridge RenderTarget' as a quality-defining element, which is not detailed in the provided canon."
"hvol-visibility.md","HVOL VISIBILITY","SET_TOPIC","PARTIAL","active","11.6 Culling, Fading, Visibility","0.820831","FluidNinja LIVE-2 Manual","0.820831","The candidate adds a specific project-level configuration detail (that camera-distance fading is NOT used on the included level) which is not present in the canon."
"inverted-density-normal-foam.md","INVERTED DENSITY - NORMAL FOAM","SET_TOPIC","NOVEL","active","6.1 Sparse vs Dense Setups","0.755289","FluidNinja LIVE-2 Manual","0.755289","The candidate provides a specific usecase for achieving 'normal foam' in an 'inverted density setup' on rivers, which is not mentioned or explained in the provided canon excerpts."
"jumping-off-the-simulation.md","JUMPING OFF THE SIMULATION","SET_TOPIC","PARTIAL","proposed-scope-reject","4.6 Surface Alignment, Z-pos","0.773083","NinjaLive v2 Content Descriptor","0.788072","The candidate introduces a specific tool ('FLOORSNAPPER') and a concrete implementation strategy for 'jumping out' of the simulation (using LiveInterface to switch off interaction) that are not mentioned in the canon excerpts."
"komplex-vfx-plan-submerging-shipdeck.md","KOMPLEX VFX PLAN - SUBMERGING SHIPDECK","SET_TOPIC","PARTIAL","active","Brush Density from Velocity","0.739893","NinjaLive v2 Content Descriptor","0.771777","The candidate introduces specific technical implementations not found in the canon, such as 'collision masking' for deck outlining, 'WorldSpaceVelocity' for inertia, and the use of 'inverse brush strokes' for subtracting from noise patterns."
"landscape-splines.md","LANDSCAPE SPLINES","SET_TOPIC","PARTIAL","proposed-scope-reject","Sparse, Spline","0.826231","NinjaLive v2 Content Descriptor","0.828961","The candidate provides specific technical instructions for debugging the raw sim (TraceMeshInvisible and MI_DensityBuffer_Red) and a detailed workaround for Landscape Splines using a specific utility BP and node modification not found in the canon."
"large-scale-clouds-references.md","LARGE SCALE CLOUDS - REFERENCES","SET_TOPIC","NOVEL","active","11.2 Example Levels","0.763530","NinjaLive v2 Content Descriptor","0.785605","The candidate provides a list of specific external video references and their corresponding internal tutorial/usecase levels, none of which are mentioned in the canon excerpts."
"large-scale-clouds.md","LARGE SCALE CLOUDS","SET_TOPIC","PARTIAL","active","11.2 Example Levels","0.767980","NinjaLive v2 Content Descriptor","0.778147","The candidate provides specific mapping between external video references and internal project levels (e.g., Tutorial Level 21, Stage 8) which is not present in the canon excerpts."
"large-ship-trails.md","LARGE SHIP TRAILS","SET_TOPIC","PARTIAL","active","6.3 Extending The Sim Area","0.739820","FluidNinja LIVE-2 Manual","0.739820","The candidate provides specific technical configuration values (drag=0, feedback=0.99) and a concrete implementation example (6 colliders for a 150m ship) not found in the canon."
"large-water-bodies-simulation.md","LARGE WATER BODIES SIMULATION","SET_TOPIC","PARTIAL","active","Simulated Waves","0.815733","NinjaLive v2 Content Descriptor","0.830559","The candidate provides specific external video references and a roadmap for an 'infinite water field gen example' not present in the canon."
"lave-update-step-by-step-guide.md","LAVE UPDATE, STEP-BY-STEP GUIDE","SET_TOPIC","PARTIAL","proposed-scope-reject","9.4 Sim vs Spline Direction","0.786572","NinjaLive v2 Content Descriptor","0.821126","The candidate provides a specific step-by-step workflow for a lava update, including specific actor names (NinjaLive_TileGenerator_Lava2), material paths, and precise material graph modifications (renaming and replacing inputs) not found in the canon."
"lighting-vs-materials.md","LIGHTING vs MATERIALS","SET_TOPIC","PARTIAL","active","2.15 Output Materials","0.791655","FluidNinja LIVE-2 Manual","0.791655","The candidate provides specific material-level lighting logic for Fog, Clouds, and Smoke (e.g., 'DirectLit' mode and specific node names) and identifies specific material assets for 2D Raymarching that are not detailed in the canon excerpts."
"lighting-vs-volume-clouds.md","LIGHTING vs VOLUME CLOUDS","SET_TOPIC","PARTIAL","active","11. Volumetrics","0.772783","FluidNinja LIVE-2 Manual","0.772783","The candidate provides a specific technical implementation guide for creating inter-cloud lightning using a SphereMask in a specific material path, which is not covered in the canon."
"live-2-beta-1-release-and-features.md","LIVE-2 Beta 1 Release and Features","SET_TOPIC","PARTIAL","active","15.1 Comparison","0.806520","FluidNinja LIVE-2 Manual","0.806520","The candidate provides a detailed Beta-1 changelog including specific bug fixes, BP feature additions, and rendering tweaks (e.g., r.TemporalAACurrentFrameWeight) not present in the canon excerpts."
"live-2-beta-2-release-and-features.md","LIVE-2 Beta 2 Release and Features","SET_TOPIC","NOVEL","active","15.1 Comparison","0.811621","FluidNinja LIVE-2 Manual","0.811621","The candidate provides specific Beta-2 release notes, including a bugfix for SUBGROUP013 and new features like RecollectFrequency and MF_WetMapFunction caustics, which are not mentioned in the canon excerpts."
"live-2-beta-3-release-and-features.md","LIVE-2 Beta 3 Release and Features","SET_TOPIC","PARTIAL","active","15.1 Comparison","0.831364","FluidNinja LIVE-2 Manual","0.831364","The candidate provides specific Beta-3 release notes, including a detailed feature list, bug fixes, and specific map paths that are not present in the canon excerpts."
"live-2-beta-4-release-and-features.md","LIVE-2 Beta 4 Release and Features","SET_TOPIC","PARTIAL","active","15.1 Comparison","0.815885","FluidNinja LIVE-2 Manual","0.815885","While the canon confirms the existence of the levels and stages mentioned, the candidate provides specific version updates for materials (v1.2), detailed Niagara module changes, and specific asset modification logic not present in the excerpts."
"live-2-documentation.md","LIVE-2 DOCUMENTATION","SET_TOPIC","PARTIAL","active","Contents","0.798346","NinjaLive v2 Content Descriptor","0.799843","The candidate adds specific details not found in the canon, including the exact number of tutorial levels (six), the existence of a 'Starting Guide', and the current hosting status of the files as server channel content."
"live-2-generic-info.md","LIVE-2 GENERIC INFO","SET_TOPIC","NOVEL","active","Manual preamble (before section 1)","0.693644","FluidNinja LIVE-2 Manual","0.693644","The canon excerpts do not mention a Discord channel or provide the specific link for non-beta Live 2.0 information."
"live-2-license.md","LIVE-2 LICENSE","SET_TOPIC","PARTIAL","active","15.2 Updating Live-1 to Live-2","0.740283","FluidNinja LIVE-2 Manual","0.740283","While canon confirms LIVE-1 users can access the LIVE-2 BETA, the candidate adds specific technical instructions for license validation via the EPIC Order ID and the step-by-step process to retrieve it."
"live-2-vs-mesh-terrain.md","LIVE-2 vs MESH TERRAIN","SET_TOPIC","PARTIAL","active","Height Input: RVT","0.800257","FluidNinja LIVE-2 Manual","0.800257","The candidate introduces a specific UE 5.8 Mesh Terrain feature and a new 'RVT transformer' for Transformer Pipelines that are not mentioned in the canon excerpts."
"live-2-vs-ue6.md","LIVE-2 vs UE6","SET_TOPIC","NOVEL","active","15.1 Comparison","0.762546","FluidNinja LIVE-2 Manual","0.762546","The canon excerpts contain no mention of Unreal Engine 6, its release schedule, or the potential deprecation of blueprints."
"live-2-wavegen-vs-rvt-input.md","LIVE-2 WAVEGEN vs RVT INPUT","SET_TOPIC","REDUNDANT","proposed-discard","14.2 Wave Generator","0.850339","FluidNinja LIVE-2 Manual","0.850339","The candidate's core technical claim that the wave generator does not work with RVT or SceneCapture and requires Landscape Components is explicitly stated in Canon 1, 3, and 4."
"live-2.md","LIVE-2","SET_TOPIC","PARTIAL","active","15.1 Comparison","0.910542","FluidNinja LIVE-2 Manual","0.910542","The candidate includes specific technical details about removed LIVE-1 features (linetracing, tracemesh, floorsnapper, and the separate Preset Manager UI) that are not mentioned in the provided canon excerpts."
"making-ninja-2d-sim-look-3d.md","MAKING NINJA 2D SIM LOOK 3D","SET_TOPIC","PARTIAL","active","11. Volumetrics","0.791943","NinjaLive v2 Content Descriptor","0.797486","The candidate adds specific implementation details regarding driving 3D particle clouds (Niagara) using sim velocity for acceleration and density for height-map displacement, which is not detailed in the canon."
"mapping-sim-on-deformed-surfaces.md","MAPPING SIM ON DEFORMED SURFACES","SET_TOPIC","PARTIAL","proposed-scope-reject","11. Volumetrics","0.765618","NinjaLive v2 Content Descriptor","0.774860","While canon covers surface alignment via heightmaps, the candidate adds specific technical constraints for tracemesh UVs (single-piece/island-free) and a specific workaround for Pawn-attached volumes using impact normals for rotation."
"masking-a-boat.md","MASKING A BOAT","SET_TOPIC","PARTIAL","proposed-scope-reject","9.6 Masking the Simulation","0.781293","NinjaLive v2 Content Descriptor","0.802476","The candidate provides specific 'User mod' implementation workflows for dynamic collision masking (SceneCapture2D and RenderTarget-based texture positioning) and stencil mask material modifications that are not detailed in the canon."
"material-usage.md","Material usage","SET_TOPIC","PARTIAL","proposed-scope-reject","2.15 Output Materials","0.819951","FluidNinja LIVE-2 Manual","0.819951","The candidate adds a specific technical claim that the primary output material is applied to the TraceMesh by default, which is not explicitly stated in the canon."
"materials-and-performance-cost.md","MATERIALS and PERFORMANCE COST","SET_TOPIC","PARTIAL","active","12.2 Data Pipeline","0.837139","FluidNinja LIVE-2 Manual","0.837139","The candidate provides specific file paths for base materials, concrete instruction counts for performance tiers (100 vs 1000), and specific hardware performance benchmarks not present in the canon."
"max-number-of-tracked-sk-meshes.md","MAX NUMBER OF TRACKED SK MESHES","SET_TOPIC","PARTIAL","active","14.5 Interaction Volume","0.760637","NinjaLive v2 Content Descriptor","0.778688","While canon mentions a 40-mesh stress test, the candidate adds critical technical limits and performance guidance regarding the maximum number of trackable SK_meshes, the lack of limit on tracked bones, and the optimal bone count (10-30) for performance."
"memory-manager.md","MEMORY MANAGER","SET_TOPIC","NOVEL","active","1. Introduction","0.740622","NinjaLive v2 Content Descriptor","0.755289","The canon excerpts mention RenderTargets and simulation buffers, but contain no mention of a 'Memory Manager' actor, its purpose in avoiding runtime bottlenecks, or the 'Acquire Memory' setting."
"mouse-cursor-behaviour.md","MOUSE CURSOR BEHAVIOUR","SET_TOPIC","PARTIAL","active","3.4 Adjusting Setups","0.727610","NinjaLive v2 Params Descriptor","0.743087","While canon covers the 'NoUserInput' setting, the candidate adds specific instructions regarding the 'NinjaLive_Utilities' actor, the 'ShowMouseCursor' debug setting, and Unreal Editor Preferences."
"moving-ninja-to-a-new-subfolder.md","MOVING NINJA TO A NEW SUBFOLDER","SET_TOPIC","NOVEL","proposed-scope-reject","7.1  Presets","0.764242","FluidNinja LIVE-2 Manual","0.764242","The candidate describes a specific troubleshooting process for updating the 'PRESET SEARCH PATH' when moving folders, a technical detail and variable not mentioned in the provided canon excerpts."
"multilayer-materials.md","MULTILAYER MATERIALS","SET_TOPIC","NOVEL","active","2.15 Output Materials","0.771519","NinjaLive v2 Limitations Descriptor","0.781734","The candidate describes a user-created modification to the Landscape Utility and a custom Material Function replica for multilayer materials, neither of which are mentioned in the canon excerpts."
"nanite.md","NANITE","SET_TOPIC","NOVEL","active","16. References","0.745128","FluidNinja LIVE-2 Manual","0.745128","The candidate claims Nanite is 'officially not supported' due to specific limitations and provides external Discord links for evidence, whereas the canon only discusses Nanite in the context of performance gains when disabled."
"ninja-2d-vs-3d.md","NINJA 2D vs 3D","SET_TOPIC","PARTIAL","active","11. Volumetrics","0.783390","FluidNinja LIVE-2 Manual","0.783390","While the canon covers 2D-to-3D extrusion and camera-facing volumes, the candidate adds specific technical guidance on using extrusion for vertices vs voxels and the performance/visual trade-off between mesh-surfaces and volumes for fire vs smoke."
"ninja-as-world-generator.md","NINJA as WORLD GENERATOR","SET_TOPIC","PARTIAL","active","6.3 Extending The Sim Area","0.801820","NinjaLive v2 Content Descriptor","0.811172","While the canon discusses extending the sim area and using external renderers for large areas, the candidate adds specific guidance on using Ninja 'on top of' native UE waves and introduces the concept of using tiled patterns for infinite cloud fields."
"ninja-vs-network.md","NINJA vs NETWORK","SET_TOPIC","NOVEL","active","2.13 Ninja Spawner","0.721278","NinjaLive v2 Params Descriptor","0.728679","The canon excerpts provide no information regarding network replication, dedicated servers, or client-side execution logic for Fluid Ninja LIVE 2."
"ninja-vs-ue57.md","NINJA vs UE.5.7","SET_TOPIC","NOVEL","active","15.1 Comparison","0.780829","NinjaLive v2 Limitations Descriptor","0.786439","The candidate provides specific compatibility fixes and parameter adjustments for UE 5.7 Preview that are not mentioned in the provided canon excerpts."
"ninjalive-actor.md","NINJALIVE ACTOR","SET_TOPIC","PARTIAL","active","2.1 Typical Setups","0.829001","NinjaLive v2 Limitations Descriptor","0.830710","The candidate adds a specific architectural recommendation for 'Large-Water-Surfaces' (combining a tile-generator and local interaction handler) and external tutorial links not present in the canon."
"ninjalive-component-vs-ninjalive-actor.md","NinjaLive COMPONENT vs NinjaLive ACTOR","SET_TOPIC","REDUNDANT","proposed-discard","14.5 Interaction Volume","0.815399","NinjaLive v2 Limitations Descriptor","0.831802","The candidate's technical claims regarding the difference between NinjaLive Actor (global interaction) and NinjaLive Component (owner-only interaction) are fully entailed by Canon 5 and Canon 7."
"ninjalivecomponent-not-recognized.md","NINJALIVECOMPONENT NOT RECOGNIZED","SET_TOPIC","NOVEL","proposed-scope-reject","7.1  Presets","0.731369","NinjaLive v2 Params Descriptor","0.743498","The canon excerpts describe parameters, presets, and data interface bugs, but contain no mention of a 'NinjaLive INTERFACE' or the requirement to add it to an Actor blueprint to resolve Preset Manager recognition issues."
"no-interaction-in-movie-render-queue.md","NO INTERACTION IN MOVIE RENDER QUEUE","SET_TOPIC","NOVEL","active","Warnings","0.690933","FluidNinja LIVE-2 Manual","0.690933","The candidate consists entirely of external Discord links and provides no technical content, whereas the canon contains detailed instructions for MRQ rendering."
"noise.md","NOISE","SET_TOPIC","PARTIAL","proposed-scope-reject","Brush position random","0.734946","NinjaLive v2 Content Descriptor","0.767318","While canon confirms noise for sim velocity and brush position/velocity, it does not explicitly list 'sim density' and 'brush density' as noise targets, nor does it explicitly mention the 'Preset Manager' as a control location."
"non-interactive-pattern-generators.md","NON-INTERACTIVE PATTERN GENERATORS","SET_TOPIC","PARTIAL","active","Passive Waves","0.798692","FluidNinja LIVE-2 Manual","0.798692","The candidate adds a specific technical instruction regarding the ability to use the basematerial independently of the simulation/ninja actor, which is not explicitly detailed in the canon."
"on-the-recent-ninja-update.md","ON THE RECENT NINJA UPDATE","SET_TOPIC","NOVEL","active","11. Volumetrics","0.782907","NinjaLive v2 Content Descriptor","0.785995","The candidate provides specific update dates, Discord links, external documentation links, and image assets not present in the canon excerpts."
"overlapping.md","OVERLAPPING","SET_TOPIC","PARTIAL","proposed-scope-reject","14.5 Interaction Volume","0.793137","NinjaLive v2 Content Descriptor","0.798318","The candidate introduces several technical details not found in the canon, specifically the use of a 'tracemesh' for display, the ability to define a custom tracemesh or custom LineTrace startpoint, and the option to use the TraceMesh for precise surface hit detection."
"packaging.md","PACKAGING","SET_TOPIC","NOVEL","active","3.3 Copying Setups","0.760542","FluidNinja LIVE-2 Manual","0.760542","The canon excerpts provide no information regarding packaging errors, trace channel autofind limitations, or the specific manual configuration of TraceChannel/CollisionChannel enums in the NinjaLiveComponent blueprint."
"particle-capturing.md","PARTICLE CAPTURING","SET_TOPIC","PARTIAL","active","5.6 Particles","0.717124","NinjaLive v2 Content Descriptor","0.723806","The candidate describes a specific 'particle capturing' workflow using 'Set2DVelocityColor', 'AttributeReader', and 'WriteGridToRenderTarget' modules, which are not mentioned in the canon excerpts."
"particle-color.md","PARTICLE COLOR","SET_TOPIC","NOVEL","active","5.6 Particles","0.772236","FluidNinja LIVE-2 Manual","0.772236","The canon excerpts focus on particles as simulation inputs and material reference bugs, but contain no information regarding atmospheric lighting nodes, specific material instance parameters, or the M_SpriteMaterial_Heavy_AfterDOF base-material."
"particles-vertical-displacement.md","PARTICLES, VERTICAL DISPLACEMENT","SET_TOPIC","PARTIAL","active","2.10 Surface Aligned Particles","0.800489","NinjaLive v2 Content Descriptor","0.808776","While canon mentions using pressure for Z-axis/height displacement (Canon 1, 2), the candidate adds specific implementation details including a dedicated Niagara module path and external video examples."
"particles.md","PARTICLES","SET_TOPIC","PARTIAL","active","5.6 Particles","0.821857","NinjaLive v2 Content Descriptor","0.830445","The candidate provides specific external learning resources (YouTube links, Discord posts) and references specific Usecase numbers (11, 14A) not present in the canon excerpts."
"pcg.md","PCG","SET_TOPIC","PARTIAL","active","15.1 Comparison","0.766963","FluidNinja LIVE-2 Manual","0.766963","The canon confirms the use of Niagara and Data Interfaces for Live Gen-2, but it contains no mention of PCG (Procedural Content Generation) or the specific architectural decision to exclude it as the core system."
"pie-vs-package.md","PIE vs PACKAGE","SET_TOPIC","NOVEL","active","3.3 Copying Setups","0.781458","FluidNinja LIVE-2 Manual","0.781458","The candidate provides specific troubleshooting for PIE vs Packaged build discrepancies, including the requirement to replace Soft References with Hard References in /LiveCompatibility, which is not mentioned in the provided canon."
"pipes.md","PIPES","SET_TOPIC","PARTIAL","proposed-scope-reject","6.1 Sparse vs Dense Setups","0.772026","NinjaLive v2 Limitations Descriptor","0.773893","The candidate provides a specific architectural workaround for 'pipes' using a Z-shaped mesh and specific parameter advice (FEEDBACK = 0.99) not found in the canon."
"pre-warm.md","PRE-WARM","SET_TOPIC","PARTIAL","active","12.4 Distance Based Modes","0.784988","FluidNinja LIVE-2 Manual","0.784988","While canon covers sim caching (pre-warming alternative) and proximity activation, the candidate adds a specific technical tip regarding the use of the 'speed' parameter to shorten initialization."
"preparing-ninjalive-for-a-new-feature.md","PREPARING NINJALIVE FOR A NEW FEATURE","SET_TOPIC","PARTIAL","proposed-scope-reject","12.4 Distance Based Modes","0.776760","NinjaLive v2 Content Descriptor","0.804280","While canon mentions the 'VeloFromSimAreaMotion' parameter and its use for moving containers, the candidate adds specific implementation details regarding the 'VeloHandlerForSimArea' node group, the use of 'GetPhisicsLinearVelocity', and the technical clarification that no real offset of sim buffers occurs."
"preset-manager-error-handling.md","PRESET MANAGER - ERROR HANDLING","SET_TOPIC","NOVEL","proposed-scope-reject","7.1  Presets","0.785599","FluidNinja LIVE-2 Manual","0.785599","The canon excerpts discuss general preset reading/writing and setup adjustments, but contain no mention of the 'Preset Manager' actor, its UI, client connection logic, the 'Live Interface' requirement, or the 'PresetSearchPath' variable."
"preset-manager-vs-inactive-ninja-actors.md","PRESET MANAGER vs INACTIVE NINJA ACTORS","SET_TOPIC","NOVEL","proposed-scope-reject","7.1  Presets","0.758639","NinjaLive v2 Params Descriptor","0.761935","The canon excerpts contain no mention of a 'Preset Manager' actor, its UI dropdowns, or the specific limitation that it cannot access 'sleeping' actors."
"preset-manager.md","PRESET MANAGER","SET_TOPIC","PARTIAL","proposed-scope-reject","7.1  Presets","0.809933","FluidNinja LIVE-2 Manual","0.809933","The candidate introduces a specific blueprint actor (/FluidNinjaLive /NinjaLive_PresetManager) and its detailed UI layout (rows, colors, icons) which are not mentioned in the canon excerpts."
"preset-name-filtering.md","PRESET NAME FILTERING","SET_TOPIC","NOVEL","proposed-scope-reject","7.1  Presets","0.778653","FluidNinja LIVE-2 Manual","0.778653","The canon excerpts contain no mention of a 'LiveGeneric' parameter group, 'Preset Name Filter Criteria', or the logic regarding string-based filtering of presets."
"presets.md","PRESETS","SET_TOPIC","PARTIAL","active","7.1  Presets","0.858956","FluidNinja LIVE-2 Manual","0.858956","The candidate provides a specific external Google Drive URL for detailed documentation and a specific folder path for the StartingGuide that are not present in the canon excerpts."
"projecting-3d-world-pos-to-sim-space.md","PROJECTING 3D WORLD POS TO SIM SPACE","SET_TOPIC","PARTIAL","proposed-scope-reject","14.5 Interaction Volume","0.753116","NinjaLive v2 Content Descriptor","0.774342","While canon mentions the general data pipeline (overlap detection and mapping to sim plane), the candidate adds specific technical implementation details regarding linetracing from the camera, the use of the 'SupportUVFromHitResult' native UE function, and the exact blueprint path for the 'FindCollisionUV' node."
"raytracing.md","RAYTRACING","SET_TOPIC","NOVEL","active","External systems","0.755302","NinjaLive v2 Limitations Descriptor","0.757314","The canon excerpts discuss Niagara systems, volumetric types (FVOL, CVOL, HVOL), and legacy raymarching, but contain no mention of raytracing vs translucency/refraction or the specific BaseMaterial/OutputMaterial parameter settings described."
"replication-multiplayer-split-screen.md","REPLICATION, MULTIPLAYER, SPLIT-SCREEN","SET_TOPIC","NOVEL","active","2.1 Typical Setups","0.755844","NinjaLive v2 Content Descriptor","0.757335","The canon excerpts provide no information regarding replication, multiplayer support, listen/dedicated servers, or split-screen compatibility."
"river-speed.md","RIVER SPEED","SET_TOPIC","PARTIAL","proposed-scope-reject","9.4 Sim vs Spline Direction","0.704681","NinjaLive v2 Params Descriptor","0.705997","The canon mentions velocity offsets (DirectVelocityY, DensityTxtOffsetX/Y) and simulation parameters, but it does not mention a 'Preset Manager' or explicitly link these specific controls to a 'river speed' use case."
"rivers-in-large-worlds.md","RIVERS IN LARGE WORLDS","SET_TOPIC","PARTIAL","proposed-scope-reject","2.2 Key Assets Listed","0.748503","NinjaLive v2 Content Descriptor","0.771783","The candidate introduces specific technical claims regarding Large World Coordinates (LWC) and World Partitioning for Landscapes that are not mentioned in the provided canon excerpts."
"rivers-splines-tiling.md","RIVERS, SPLINES, TILING","SET_TOPIC","NOVEL","active","9.3 Pattern Generators","0.770882","FluidNinja LIVE-2 Manual","0.770882","The canon excerpts discuss tile-map settings in terms of world-space vs local-space and render target wrapping, but contain no mention of using specific integer values (1 + even values) for tiling settings."
"rivers.md","RIVERS","SET_TOPIC","PARTIAL","active","9.3 Pattern Generators","0.799508","NinjaLive v2 Content Descriptor","0.810103","The candidate provides external tutorial links and Discord references not in the canon, and it explicitly instructs to use the Actor Scale Transform for scaling, which the canon explicitly forbids."
"running-fluidsim-on-custom-meshes.md","RUNNING FLUIDSIM ON CUSTOM MESHES","SET_TOPIC","PARTIAL","proposed-scope-reject","14.1 Terrain Flow","0.783995","NinjaLive v2 Content Descriptor","0.787405","The candidate provides specific technical guidance on using UV unwrapping for custom meshes and a workaround for complex meshes (camera-facing plane projection) that is not present in the canon excerpts."
"sea-surface-patterns.md","SEA SURFACE PATTERNS","SET_TOPIC","PARTIAL","active","Passive Waves","0.802252","FluidNinja LIVE-2 Manual","0.802252","While the canon covers landscape-gradient wave generation and passive output material patterns, the candidate adds a specific implementation detail regarding the use of two tiled-noise textures and noise-based mixing for the passive patterns."
"shoreline.md","SHORELINE","SET_TOPIC","PARTIAL","active","14.2 Wave Generator","0.749419","NinjaLive v2 Content Descriptor","0.750593","The candidate provides specific implementation instructions for shorelines using distance-field masks and RenderTargets as sim density inputs, which are not covered in the canon excerpts."
"sim-activation.md","SIM ACTIVATION","SET_TOPIC","PARTIAL","active","12.4 Distance Based Modes","0.801761","FluidNinja LIVE-2 Manual","0.801761","The candidate adds a specific technical troubleshooting detail regarding 'CharacterMesh' class definitions not qualifying as pawns, which is not mentioned in the canon."
"sim-area-size.md","SIM AREA SIZE","SET_TOPIC","PARTIAL","active","6.3 Extending The Sim Area","0.777042","FluidNinja LIVE-2 Manual","0.777042","The candidate introduces specific technical guidance on the ratio between sim area and resolution (pixel density) and mentions a 4K resolution bottleneck, which is not present in the canon excerpts."
"sim-edges-and-clamping.md","SIM EDGES AND CLAMPING","SET_TOPIC","NOVEL","proposed-scope-reject","Sim Space Wrapping (Tiling)","0.753398","FluidNinja LIVE-2 Manual","0.753398","The candidate discusses a specific visual artifact ('lines in the distance') and a solution involving setting simulation buffer edges to black via the Preset Manager, which is not mentioned in the provided canon."
"sim-inputs-adding-and-subtracting-brush-strokes.md","SIM INPUTS + ADDING AND SUBTRACTING BRUSH STROKES","SET_TOPIC","PARTIAL","proposed-scope-reject","5. Inputs and Interaction","0.793842","NinjaLive v2 Content Descriptor","0.800295","The candidate adds specific UI location details (Preset Manager panel) and a specific 'Invert' flag name not explicitly detailed in the canon, although the concept of inverting density is covered."
"sim-size-resolution-aspect.md","SIM SIZE, RESOLUTION, ASPECT","SET_TOPIC","PARTIAL","proposed-scope-reject","8.2 Sim area XY proportions","0.808507","NinjaLive v2 Content Descriptor","0.809904","The candidate introduces 'TraceMeshSize' and the specific 'LivePerformance' param group for resolution, which are not mentioned in the canon excerpts (which refer to 'ExtentsXYZ' and 'LiveCore' for these purposes)."
"simulation-resolution-detail-maps.md","SIMULATION RESOLUTION + DETAIL MAPS","SET_TOPIC","PARTIAL","active","11. Volumetrics","0.776395","NinjaLive v2 Content Descriptor","0.778915","The candidate provides specific resolution values (4K, 3K, 2K) and maps them to specific levels/stages (Level 14-C, 10-A, 8) not found in the canon, while the canon only discusses the general concept of using velocity to advect noise for detail."
"sinking-ship-setup.md","SINKING SHIP SETUP","SET_TOPIC","PARTIAL","active","1. Introduction","0.775776","NinjaLive v2 Content Descriptor","0.804360","While the canon covers using a SceneCaptureCamera for height input (Canon 3, 6), the candidate provides a specific, novel implementation strategy for a 'sinking ship' effect involving dual cameras, selective masking, and a specific mesh-intersection workflow not detailed in the manual."
"skipping-material-parameter-collections.md","SKIPPING MATERIAL PARAMETER COLLECTIONS","SET_TOPIC","PARTIAL","active","3.3 Copying Setups","0.759259","NinjaLive v2 Params Descriptor","0.793525","The candidate provides specific technical constraints (MPCs not supporting double vectors in UE 5.4) and a detailed blueprint workaround for LWC compatibility that is not present in the canon."
"sm6.md","SM6","SET_TOPIC","NOVEL","active","15.1 Comparison","0.702926","FluidNinja LIVE-2 Manual","0.702926","The candidate provides a specific technical fix (adding 'static' to an array in HLSL) for a GPU performance regression in MF_SeparableMultiKernelDiffusion when using SM6 in UE5.1, which is not mentioned in the canon."
"soft-refs-to-hard-refs.md","SOFT REFS to HARD REFS","SET_TOPIC","NOVEL","active","3.3 Copying Setups","0.788314","FluidNinja LIVE-2 Manual","0.788314","The canon excerpts discuss general data loss in the editor and external renderers, but contain no mention of Soft vs Hard references, the /LiveCompatibility parameter, or the specific packaging failure regarding density/velocity textures."
"spawning-1.md","SPAWNING","SET_TOPIC","PARTIAL","active","2.13 Ninja Spawner","0.785349","FluidNinja LIVE-2 Manual","0.785349","The candidate provides specific version-dependent compatibility info (UE 4 vs 5.11) and specific asset paths for ChildActor and Attached examples not found in the canon."
"spawning-vs-conflicting-live-components.md","SPAWNING vs CONFLICTING LIVE COMPONENTS","SET_TOPIC","NOVEL","proposed-scope-reject","14.4 Spawning","0.773526","NinjaLive v2 Limitations Descriptor","0.784415","The candidate describes a specific technical conflict regarding linetracer occlusion between overlapping simulations and the use of the 'NinjaLiveTraceExclude' array, which is not mentioned in the provided canon excerpts."
"spawning.md","SPAWNING","SET_TOPIC","PARTIAL","active","2.13 Ninja Spawner","0.785349","FluidNinja LIVE-2 Manual","0.785349","The candidate provides specific version-dependent compatibility info (UE 4 vs 5.11) and specific asset paths for ChildActor and SpawnedAttached examples not found in the canon."
"splinemeshgenerator-v2.md","SplineMeshGenerator v2","SET_TOPIC","PARTIAL","proposed-scope-reject","2.11 Spline Mesh Generator","0.735495","FluidNinja LIVE-2 Manual","0.735495","The candidate adds a specific technical explanation regarding aspect-ratio preservation when Tile Width equals Tile Length, which is not explicitly detailed in the canon."
"step-by-step-guide-for-movie-render-queue.md","STEP-BY-STEP GUIDE FOR MOVIE RENDER QUEUE","SET_TOPIC","PARTIAL","active","Rendering","0.833086","FluidNinja LIVE-2 Manual","0.833086","The candidate adds specific technical instructions not found in the canon, such as disabling the 'Possess Nearest Pawn' flag on 'BP_NinjaLive_Utilities' and the specific UI path for selecting the camera actor in the viewport."
"tagging.md","TAGGING","SET_TOPIC","PARTIAL","proposed-scope-reject","4.8 DirectDrive","0.787753","NinjaLive v2 Content Descriptor","0.794904","The candidate introduces Case-C (Landscape Utility Actor) and Case-D (FloorSnapper Utility Actor), neither of which are mentioned in the provided canon excerpts."
"temp-arrays.md","TEMP ARRAYS","SET_TOPIC","PARTIAL","active","14.5 Interaction Volume","0.749247","NinjaLive v2 Limitations Descriptor","0.753767","The candidate provides specific internal implementation details not found in the canon, such as the use of 40 pre-made arrays and the logic regarding unique IDs in mesh names versus bone name collisions."
"texture-asset-references.md","TEXTURE ASSET REFERENCES","SET_TOPIC","NOVEL","active","5.1 Bitmaps","0.775056","FluidNinja LIVE-2 Manual","0.775056","The candidate describes a specific technical workflow regarding soft vs hard references in DataTables, the 'FORCED' option for packaging, and absolute path lookup logic, none of which are mentioned in the provided canon excerpts."
"tiling-1.md","TILING","SET_TOPIC","PARTIAL","proposed-scope-reject","Sim Space Wrapping (Tiling)","0.815939","FluidNinja LIVE-2 Manual","0.815939","The candidate introduces specific parameter paths for Pressure buffer clamping (/PressureEdgeMasking and /CollisionMask) and Preset Manager settings that are not present in the provided canon excerpts."
"tiling.md","TILING","SET_TOPIC","PARTIAL","proposed-scope-reject","Sim Space Wrapping (Tiling)","0.815939","FluidNinja LIVE-2 Manual","0.815939","The candidate introduces specific parameter paths for Pressure buffer clamping (/PressureEdgeMasking and /CollisionMask) and Preset Manager settings that are not present in the provided canon excerpts."
"tracking-bones.md","TRACKING BONES","SET_TOPIC","PARTIAL","active","5.8 Object Pivots and Bones","0.788575","NinjaLive v2 Content Descriptor","0.792075","The candidate provides critical performance data (CPU bottleneck, 30-40 point limit) and optimization advice (12-bone set) not present in the canon, although it correctly references the bone-filtering parameters found in Canon 5."
"tracks-footprints.md","TRACKS & FOOTPRINTS","SET_TOPIC","PARTIAL","proposed-scope-reject","14.5 Interaction Volume","0.768983","NinjaLive v2 Limitations Descriptor","0.776694","The candidate provides specific technical limitations (pixelation above 500x500m) and a behavioral explanation of sim area movement/erasure that is not present in the canon excerpts."
"two-way-interaction.md","TWO WAY INTERACTION","SET_TOPIC","PARTIAL","active","4.3 Interaction: Fields","0.789198","NinjaLive v2 Content Descriptor","0.801787","While the canon covers simulation inputs (objects/particles) and driving Niagara (Canon 3), the candidate adds specific conceptual framing of the 'cause-effect chain' and external video references not present in the excerpts."
"ue5-lack-of-interaction.md","UE5 / (LACK OF) INTERACTION","SET_TOPIC","NOVEL","active","5.8 Object Pivots and Bones","0.752675","NinjaLive v2 Limitations Descriptor","0.759243","The canon excerpts discuss general interaction volumes and bone tracking, but contain no mention of ALS (Advanced Locomotion System) or the specific limitation regarding multi-level embedded skeletal mesh hierarchies."
"underwater-postprocess-switch.md","UNDERWATER POSTPROCESS SWITCH","SET_TOPIC","NOVEL","active","15.1 Comparison","0.717583","NinjaLive v2 Params Descriptor","0.759609","The candidate introduces a specific parameter 'SlowPostprocessSwitch' and a specific level 'Water_Sparse_River.umap' that are not mentioned in the provided canon excerpts."
"using-rendertargets.md","USING RENDERTARGETS","SET_TOPIC","PARTIAL","active","4.9 OutputMaterials","0.801280","NinjaLive v2 Params Descriptor","0.811890","While the canon covers the concept of exposing buffers to RenderTargets and the general use of volumes, the candidate adds specific operational instructions regarding the 'matching/pairing' of SimContainers and VolumeContainers at the same level location and warns about duplication conflicts."
"using-sequencer-and-movie-render-queue.md","USING SEQUENCER AND MOVIE RENDER QUEUE","SET_TOPIC","PARTIAL","active","Warnings","0.870113","FluidNinja LIVE-2 Manual","0.870113","The candidate adds a specific technical troubleshooting tip regarding temporal antialiasing in MRQ ruining tick-flow, which is not mentioned in the canon excerpts."
"visualizing-a-2d-sim-via-3d-volumes.md","VISUALIZING A 2D SIM VIA 3D VOLUMES","SET_TOPIC","PARTIAL","proposed-scope-reject","2.14 Native Unreal Volumes","0.810945","NinjaLive v2 Content Descriptor","0.843786","The candidate provides specific mathematical examples for calculating HVOL size (resolution * scale = centimeters) and references a specific external PDF and .umap file not found in the canon."
"volmetrics-volumefog-vs-volumesmoke-responsivity.md","VOLMETRICS --- VolumeFog vs VolumeSmoke --- responsivity","SET_TOPIC","PARTIAL","active","11. Volumetrics","0.830132","FluidNinja LIVE-2 Manual","0.830132","The candidate adds a specific recommendation to use VolumeSmoke for fast, responsive FX and references a specific 'Level23 level-blueprint' not found in the canon."
"volume-cloud-speed.md","VOLUME CLOUD SPEED","SET_TOPIC","PARTIAL","proposed-scope-reject","11. Volumetrics","0.717685","FluidNinja LIVE-2 Manual","0.717685","While canon mentions VeloDirNoiseSpeed (P.5.4.3) and the use of velocity to advect volumetric noise (Canon 1), the candidate adds specific technical observations regarding the distinction between 'MICRO-detail' (via noise speed) and 'MACRO details' (via velocity field amplitude) and their combined effect on freezing the simulation."
"volume-clouds.md","VOLUME CLOUDS","SET_TOPIC","PARTIAL","active","2.14 Native Unreal Volumes","0.746565","NinjaLive v2 Content Descriptor","0.771210","The candidate provides specific material parameter names (CloudU-Offset, V-offset, Altitude) and a step-by-step UI workflow for accessing the Cloud Material Instance that are not present in the canon excerpts."
"volume-fog-color.md","VOLUME FOG COLOR","SET_TOPIC","PARTIAL","active","2.14 Native Unreal Volumes","0.721924","NinjaLive v2 Content Descriptor","0.746283","The candidate provides specific UI navigation steps (Details -> Mat -> Albedo/Extinction) and a technical tip regarding point-light interaction that are not present in the canon excerpts."
"volume-fog-quality.md","VOLUME FOG QUALITY","SET_TOPIC","NOVEL","active","11.6 Culling, Fading, Visibility","0.739182","NinjaLive v2 Params Descriptor","0.746711","The candidate is a user support request regarding visual artifacts and specific quality settings (Max Steps) not addressed in the technical canon."
"volume-fog-visibility-and-distance-fade.md","VOLUME FOG VISIBILITY and DISTANCE FADE","SET_TOPIC","PARTIAL","active","11.6 Culling, Fading, Visibility","0.826801","FluidNinja LIVE-2 Manual","0.826801","The candidate adds specific instructional values (e.g., suggesting 200000 for FadeDistance) and explicitly links NinjaLiveComponent LOD and ninjaLive Actor LiveActivation to distance-based behavior, which is not explicitly connected to VolumeFog visibility in the canon."
"volume-usage.md","VOLUME USAGE","SET_TOPIC","PARTIAL","active","11. Volumetrics","0.790700","FluidNinja LIVE-2 Manual","0.790700","The candidate adds specific technical constraints not found in the canon, such as the 20-meter minimum voxel size for CVOLs and the explanation of FVOLs using froxels (camera frustum alignment) causing distance-based blockiness."
"volume-visibility.md","VOLUME VISIBILITY","SET_TOPIC","PARTIAL","active","11.6 Culling, Fading, Visibility","0.864410","FluidNinja LIVE-2 Manual","0.864410","The candidate provides specific external Discord links for visibility troubleshooting that are not present in the canon, although the technical concepts (LOD, distance fade) are covered."
"volumecloud-quality.md","VOLUMECLOUD QUALITY","SET_TOPIC","PARTIAL","active","11. Volumetrics","0.755953","FluidNinja LIVE-2 Manual","0.755953","The candidate provides specific instructions for improving cloud quality via 'SHADOW SAMPLE' and mentions a default 'LOW quality' setting, which are not detailed in the canon excerpts."
"volumesmoke-distance-fade.md","VOLUMESMOKE DISTANCE FADE","SET_TOPIC","REDUNDANT","proposed-discard","11.6 Culling, Fading, Visibility","0.790188","FluidNinja LIVE-2 Manual","0.790188","Canon 1, section 5 explicitly mentions the 'XDistanceFade' parameter-group in the VolumeSmoke Material Instance along with the 'Range' and 'Falloff' parameters."
"volumesmoke-on-character.md","VOLUMESMOKE ON CHARACTER","SET_TOPIC","PARTIAL","proposed-scope-reject","4.5 Transforms","0.776983","NinjaLive v2 Content Descriptor","0.801295","The candidate provides specific parameter values for 'PUNCTURE', 'DRAG', 'LightIntensity', and 'Shadow', as well as a specific tutorial reference (Level 30-A) and asset names not found in the canon."
"volumetrics.md","VOLUMETRICS","SET_TOPIC","PARTIAL","active","11. Volumetrics","0.848273","FluidNinja LIVE-2 Manual","0.848273","The candidate introduces SVOL (Smoke Volumes) and specific performance/shadowing characteristics for SVOL and HVOL that are not detailed in the provided canon excerpts."
"water-foam.md","WATER FOAM","SET_TOPIC","NOVEL","active","6.1 Sparse vs Dense Setups","0.775289","NinjaLive v2 Content Descriptor","0.779539","The candidate provides a specific workflow for removing 'non-interactive' foam by editing a 'Density Template' texture within a 'DefaultPreset' data table, which is not mentioned in any of the provided canon excerpts."
"water-meshes.md","WATER / MESHES","SET_TOPIC","PARTIAL","active","6.3 Extending The Sim Area","0.799625","NinjaLive v2 Content Descriptor","0.846644","The candidate provides specific implementation instructions for using Instanced Static Meshes with LODs and Virtual HeightField Meshes as water geometry, which are not detailed in the provided canon excerpts."
"waterline.md","WATERLINE","SET_TOPIC","NOVEL","active","Sparse, Spline","0.755289","NinjaLive v2 Content Descriptor","0.769831","The candidate describes a specific technical implementation for a 'waterline' screen-space mask to handle camera merging, which is not mentioned in the provided canon excerpts."
"wave-height.md","WAVE HEIGHT","SET_TOPIC","PARTIAL","active","Passive Waves","0.800192","NinjaLive v2 Content Descriptor","0.814857","The candidate introduces specific parameter names ('MeshDistortion') and their exact locations within the Output Material (under 'MeshDistortion' and 'TileMap' groups) which are not present in the canon excerpts."
"waves.md","WAVES","SET_TOPIC","PARTIAL","proposed-scope-reject","Passive Waves","0.811881","FluidNinja LIVE-2 Manual","0.811881","The candidate introduces specific external tutorial links and the technical tip that 'NOISES are key' for simulation-based waves, which are not present in the canon."
"world-space-interaction.md","WORLD SPACE INTERACTION","SET_TOPIC","PARTIAL","active","14.5 Interaction Volume","0.758628","NinjaLive v2 Limitations Descriptor","0.766976","While the canon mentions attaching a sim to a moving player (Canon 7) and the role of the Interaction Volume (Canon 1, 3, 4), the candidate provides a specific implementation detail regarding the 'NinjaLive_Area_Wind Actor' and the explicit conceptualization of 'simulation moving in world space' as a method for universal object interaction."
