repo_path,title,date,channel_id,channel,permalink,provenance,destination
set-topics/adding-coastline-foam-to-the-basematerial-1.md,adding coastline foam to the base.material,2025-02-02,851482546100633601,tips-tricks,https://discord.com/channels/850913821240983553/851482546100633601/1335697355772792914,legacy,staging/v1-quarantine/recent-legacy/adding-coastline-foam-to-the-basematerial-1.md
set-topics/adding-coastline-foam-to-the-basematerial.md,adding coastline foam to the base.material,2025-02-02,850913821827792940,general,https://discord.com/channels/850913821240983553/850913821827792940/1335696945288843284,legacy,staging/v1-quarantine/recent-legacy/adding-coastline-foam-to-the-basematerial.md
set-topics/adjusting-snow-or-sand-depth.md,ADJUSTING SNOW (or SAND) DEPTH,2023-07-31,851482546100633601,tips-tricks,https://discord.com/channels/850913821240983553/851482546100633601/1135487259781632093,legacy,staging/v1-quarantine/adjusting-snow-or-sand-depth.md
set-topics/adjusting-volume-smoke-height.md,ADJUSTING VOLUME SMOKE HEIGHT,2023-10-12,851482546100633601,tips-tricks,https://discord.com/channels/850913821240983553/851482546100633601/1161946500415377448,legacy,staging/v1-quarantine/adjusting-volume-smoke-height.md
set-topics/avoid-or-filter-interaction-with-skeletal-meshes.md,AVOID or FILTER INTERACTION WITH SKELETAL MESHES,2021-07-15,851482546100633601,tips-tricks,https://discord.com/channels/850913821240983553/851482546100633601/865102419817136138,legacy,staging/v1-quarantine/avoid-or-filter-interaction-with-skeletal-meshes.md
set-topics/avoiding-rendertarget-conflict.md,AVOIDING RENDERTARGET CONFLICT,2021-09-09,851482546100633601,tips-tricks,https://discord.com/channels/850913821240983553/851482546100633601/885512724958834708,legacy,staging/v1-quarantine/avoiding-rendertarget-conflict.md
set-topics/buoyancy.md,BUOYANCY,2022-09-30,851482546100633601,tips-tricks,https://discord.com/channels/850913821240983553/851482546100633601/1025315719770017802,legacy,staging/v1-quarantine/buoyancy.md
set-topics/cartoony-look.md,CARTOONY LOOK,2023-08-05,851482546100633601,tips-tricks,https://discord.com/channels/850913821240983553/851482546100633601/1137495275997495367,legacy,staging/v1-quarantine/cartoony-look.md
set-topics/caustics-vs-ue5.md,CAUSTICS vs UE5,2022-10-28,850913821827792940,general,https://discord.com/channels/850913821240983553/850913821827792940/1035571642363023411,legacy,staging/v1-quarantine/caustics-vs-ue5.md
set-topics/character-fx-quickstarter.md,CHARACTER FX QUICKSTARTER,2022-07-18,851482546100633601,tips-tricks,https://discord.com/channels/850913821240983553/851482546100633601/998576657705209936,legacy,staging/v1-quarantine/character-fx-quickstarter.md
set-topics/child-actor.md,CHILD ACTOR,2022-07-22,851482546100633601,tips-tricks,https://discord.com/channels/850913821240983553/851482546100633601/999852737061720125,legacy,staging/v1-quarantine/child-actor.md
set-topics/coastlines-riverbanks.md,"COASTLINES, RIVERBANKS",2024-02-07,851482546100633601,tips-tricks,https://discord.com/channels/850913821240983553/851482546100633601/1204727485716107295,legacy,staging/v1-quarantine/coastlines-riverbanks.md
set-topics/collision-points-vs-shapes.md,COLLISION --- POINTS vs SHAPES,2021-08-25,851482546100633601,tips-tricks,https://discord.com/channels/850913821240983553/851482546100633601/880205778466791475,legacy,staging/v1-quarantine/collision-points-vs-shapes.md
set-topics/copy-pasting-ninja.md,COPY-PASTING NINJA,2021-10-15,851482546100633601,tips-tricks,https://discord.com/channels/850913821240983553/851482546100633601/898461977398108170,legacy,staging/v1-quarantine/copy-pasting-ninja.md
set-topics/defining-custom-sim-area-shape-collision-masking-vs-negative.md,DEFINING CUSTOM SIM AREA SHAPE: COLLISION MASKING vs NEGATIVE BRUSH,2021-07-15,851482546100633601,tips-tricks,https://discord.com/channels/850913821240983553/851482546100633601/865103604758478860,legacy,staging/v1-quarantine/defining-custom-sim-area-shape-collision-masking-vs-negative.md
set-topics/driving-fluidsim-with-particles.md,DRIVING FLUIDSIM WITH PARTICLES,2021-07-25,851482546100633601,tips-tricks,https://discord.com/channels/850913821240983553/851482546100633601/868941416355758081,legacy,staging/v1-quarantine/driving-fluidsim-with-particles.md
set-topics/driving-niagara-particles.md,DRIVING NIAGARA PARTICLES,2021-08-23,851482546100633601,tips-tricks,https://discord.com/channels/850913821240983553/851482546100633601/879278053765836800,legacy,staging/v1-quarantine/driving-niagara-particles.md
set-topics/driving-objects-with-sim-velocity.md,DRIVING OBJECTS WITH SIM VELOCITY,2021-10-12,851482546100633601,tips-tricks,https://discord.com/channels/850913821240983553/851482546100633601/897500010072133733,legacy,staging/v1-quarantine/driving-objects-with-sim-velocity.md
set-topics/duplicating-setups-and-making-prefabs.md,DUPLICATING SETUPS and MAKING PREFABS,2024-01-30,851482546100633601,tips-tricks,https://discord.com/channels/850913821240983553/851482546100633601/1201828059813265428,legacy,staging/v1-quarantine/duplicating-setups-and-making-prefabs.md
set-topics/dynamic-asset-loading.md,DYNAMIC ASSET LOADING,2021-07-09,850913821827792940,general,https://discord.com/channels/850913821240983553/850913821827792940/863172491626676274,legacy,staging/v1-quarantine/dynamic-asset-loading.md
set-topics/dynamically-rescaling-a-volumesmoke-container.md,DYNAMICALLY RESCALING A VOLUMESMOKE CONTAINER,2021-08-01,851482546100633601,tips-tricks,https://discord.com/channels/850913821240983553/851482546100633601/871485932115722251,legacy,staging/v1-quarantine/dynamically-rescaling-a-volumesmoke-container.md
set-topics/embedding-volumesmoke-to-ninjalive-bp.md,EMBEDDING VOLUMESMOKE TO NINJALIVE BP,2021-07-27,850926358196125726,ninjalive-issues,https://discord.com/channels/850913821240983553/850926358196125726/869478943999275018,legacy,staging/v1-quarantine/embedding-volumesmoke-to-ninjalive-bp.md
set-topics/engine-upgrade-vs-ninja-upgrade.md,ENGINE UPGRADE vs NINJA UPGRADE,2024-01-23,851482546100633601,tips-tricks,https://discord.com/channels/850913821240983553/851482546100633601/1199347774643249215,legacy,staging/v1-quarantine/engine-upgrade-vs-ninja-upgrade.md
set-topics/explaining-volume-concepts.md,EXPLAINING VOLUME CONCEPTS,2024-03-15,851482546100633601,tips-tricks,https://discord.com/channels/850913821240983553/851482546100633601/1218224762929545286,legacy,staging/v1-quarantine/explaining-volume-concepts.md
set-topics/foliage.md,FOLIAGE,2022-07-08,851482546100633601,tips-tricks,https://discord.com/channels/850913821240983553/851482546100633601/994861969842642944,legacy,staging/v1-quarantine/foliage.md
set-topics/forward-rendering.md,FORWARD RENDERING,2021-07-11,851482546100633601,tips-tricks,https://discord.com/channels/850913821240983553/851482546100633601/863749905406623785,legacy,staging/v1-quarantine/forward-rendering.md
set-topics/global-ground-fog.md,GLOBAL GROUND FOG,2021-08-06,850913821827792940,general,https://discord.com/channels/850913821240983553/850913821827792940/873322846045237268,legacy,staging/v1-quarantine/global-ground-fog.md
set-topics/global-vs-local.md,GLOBAL vs LOCAL,2021-10-16,851482546100633601,tips-tricks,https://discord.com/channels/850913821240983553/851482546100633601/899019212759117854,legacy,staging/v1-quarantine/global-vs-local.md
set-topics/global.md,Global,2022-07-05,850913821827792940,general,https://discord.com/channels/850913821240983553/850913821827792940/993774029230047303,legacy,staging/v1-quarantine/global.md
set-topics/how-ninjalive-works.md,HOW NINJALIVE WORKS,2021-07-14,851482546100633601,tips-tricks,https://discord.com/channels/850913821240983553/851482546100633601/864753567617122324,legacy,staging/v1-quarantine/how-ninjalive-works.md
set-topics/hq-settings-for-cinematic-render.md,HQ SETTINGS FOR CINEMATIC RENDER,2021-11-18,851482546100633601,tips-tricks,https://discord.com/channels/850913821240983553/851482546100633601/911014671102930995,legacy,staging/v1-quarantine/hq-settings-for-cinematic-render.md
set-topics/hq-volumesmoke-for-cinematics.md,HQ VOLUMESMOKE FOR CINEMATICS,2021-08-06,850913821827792940,general,https://discord.com/channels/850913821240983553/850913821827792940/873319456921747476,legacy,staging/v1-quarantine/hq-volumesmoke-for-cinematics.md
set-topics/hvol-visibility.md,HVOL VISIBILITY,2024-04-18,851482546100633601,tips-tricks,https://discord.com/channels/850913821240983553/851482546100633601/1230413103787933796,legacy,staging/v1-quarantine/hvol-visibility.md
set-topics/inverted-density-normal-foam.md,INVERTED DENSITY - NORMAL FOAM,2024-05-22,851482546100633601,tips-tricks,https://discord.com/channels/850913821240983553/851482546100633601/1242800983386357840,legacy,staging/v1-quarantine/inverted-density-normal-foam.md
set-topics/komplex-vfx-plan-submerging-shipdeck.md,KOMPLEX VFX PLAN - SUBMERGING SHIPDECK,2021-06-21,850913821827792940,general,https://discord.com/channels/850913821240983553/850913821827792940/856511482372030484,legacy,staging/v1-quarantine/komplex-vfx-plan-submerging-shipdeck.md
set-topics/large-scale-clouds-references.md,LARGE SCALE CLOUDS - REFERENCES,2022-09-13,851482546100633601,tips-tricks,https://discord.com/channels/850913821240983553/851482546100633601/1019137410644328498,legacy,staging/v1-quarantine/large-scale-clouds-references.md
set-topics/large-scale-clouds.md,LARGE SCALE CLOUDS,2022-09-13,850913821827792940,general,https://discord.com/channels/850913821240983553/850913821827792940/1019136912579108864,legacy,staging/v1-quarantine/large-scale-clouds.md
set-topics/large-ship-trails.md,LARGE SHIP TRAILS,2024-07-10,851482546100633601,tips-tricks,https://discord.com/channels/850913821240983553/851482546100633601/1260512605018132550,legacy,staging/v1-quarantine/large-ship-trails.md
set-topics/large-water-bodies-simulation.md,LARGE WATER BODIES SIMULATION,2021-08-17,850913821827792940,general,https://discord.com/channels/850913821240983553/850913821827792940/877204605518364714,legacy,staging/v1-quarantine/large-water-bodies-simulation.md
set-topics/lighting-vs-materials.md,LIGHTING vs MATERIALS,2022-08-11,851482546100633601,tips-tricks,https://discord.com/channels/850913821240983553/851482546100633601/1007351081568841778,legacy,staging/v1-quarantine/lighting-vs-materials.md
set-topics/lighting-vs-volume-clouds.md,LIGHTING vs VOLUME CLOUDS,2021-07-27,851482546100633601,tips-tricks,https://discord.com/channels/850913821240983553/851482546100633601/869590396945190953,legacy,staging/v1-quarantine/lighting-vs-volume-clouds.md
set-topics/live-2-beta-1-release-and-features.md,LIVE-2 Beta 1 Release and Features,2025-07-01,1319654748873560145,live2-info,https://discord.com/channels/850913821240983553/1319654748873560145/1389543526932676722,v2,ACTIVE
set-topics/live-2-beta-2-release-and-features.md,LIVE-2 Beta 2 Release and Features,2026-03-12,1460577812795883572,live2-announcements,https://discord.com/channels/850913821240983553/1460577812795883572/1481621245782003775,v2,ACTIVE
set-topics/live-2-beta-3-release-and-features.md,LIVE-2 Beta 3 Release and Features,2026-05-15,1460577812795883572,live2-announcements,https://discord.com/channels/850913821240983553/1460577812795883572/1504742907410649130,v2,ACTIVE
set-topics/live-2-beta-4-release-and-features.md,LIVE-2 Beta 4 Release and Features,2026-06-04,1460577812795883572,live2-announcements,https://discord.com/channels/850913821240983553/1460577812795883572/1512187585764790272,v2,ACTIVE
set-topics/live-2-documentation.md,LIVE-2 DOCUMENTATION,2026-06-22,1319654748873560145,live2-info,https://discord.com/channels/850913821240983553/1319654748873560145/1518497179822719056,v2,ACTIVE
set-topics/live-2-generic-info.md,LIVE-2 GENERIC INFO,2026-01-30,1466643263774527741,live-2-beta-info,https://discord.com/channels/850913821240983553/1466643263774527741/1466746925477793803,v2,ACTIVE
set-topics/live-2-license.md,LIVE-2 LICENSE,2026-01-30,1466643263774527741,live-2-beta-info,https://discord.com/channels/850913821240983553/1466643263774527741/1466736479618338837,v2,ACTIVE
set-topics/live-2-vs-mesh-terrain.md,LIVE-2 vs MESH TERRAIN,2026-06-21,1319654748873560145,live2-info,https://discord.com/channels/850913821240983553/1319654748873560145/1518366695478001725,v2,ACTIVE
set-topics/live-2-vs-ue6.md,LIVE-2 vs UE6,2026-06-24,850913821827792940,general,https://discord.com/channels/850913821240983553/850913821827792940/1519281889095974932,legacy,staging/v1-quarantine/recent-legacy/live-2-vs-ue6.md
set-topics/live-2.md,LIVE-2,2026-05-12,1466643263774527741,live-2-beta-info,https://discord.com/channels/850913821240983553/1466643263774527741/1503634156775669870,v2,ACTIVE
set-topics/making-ninja-2d-sim-look-3d.md,MAKING NINJA 2D SIM LOOK 3D,2021-09-16,851482546100633601,tips-tricks,https://discord.com/channels/850913821240983553/851482546100633601/888001499219763210,legacy,staging/v1-quarantine/making-ninja-2d-sim-look-3d.md
set-topics/materials-and-performance-cost.md,MATERIALS and PERFORMANCE COST,2023-06-08,851482546100633601,tips-tricks,https://discord.com/channels/850913821240983553/851482546100633601/1116299582519914597,legacy,staging/v1-quarantine/materials-and-performance-cost.md
set-topics/max-number-of-tracked-sk-meshes.md,MAX NUMBER OF TRACKED SK MESHES,2023-05-10,851482546100633601,tips-tricks,https://discord.com/channels/850913821240983553/851482546100633601/1105963861066125393,legacy,staging/v1-quarantine/max-number-of-tracked-sk-meshes.md
set-topics/memory-manager.md,MEMORY MANAGER,2021-09-02,851482546100633601,tips-tricks,https://discord.com/channels/850913821240983553/851482546100633601/882953311362375700,legacy,staging/v1-quarantine/memory-manager.md
set-topics/mouse-cursor-behaviour.md,MOUSE CURSOR BEHAVIOUR,2021-07-25,851482546100633601,tips-tricks,https://discord.com/channels/850913821240983553/851482546100633601/868951484845400115,legacy,staging/v1-quarantine/mouse-cursor-behaviour.md
set-topics/multilayer-materials.md,MULTILAYER MATERIALS,2023-04-24,851482546100633601,tips-tricks,https://discord.com/channels/850913821240983553/851482546100633601/1100164038320717844,legacy,staging/v1-quarantine/multilayer-materials.md
set-topics/nanite.md,NANITE,2025-06-09,851482546100633601,tips-tricks,https://discord.com/channels/850913821240983553/851482546100633601/1381516550426853476,legacy,staging/v1-quarantine/recent-legacy/nanite.md
set-topics/ninja-2d-vs-3d.md,NINJA 2D vs 3D,2025-09-19,850913821827792940,general,https://discord.com/channels/850913821240983553/850913821827792940/1418496112469213307,legacy,staging/v1-quarantine/recent-legacy/ninja-2d-vs-3d.md
set-topics/ninja-as-world-generator.md,NINJA as WORLD GENERATOR,2021-08-17,851482546100633601,tips-tricks,https://discord.com/channels/850913821240983553/851482546100633601/877205026060267640,legacy,staging/v1-quarantine/ninja-as-world-generator.md
set-topics/ninja-vs-network.md,NINJA vs NETWORK,2022-10-18,851482546100633601,tips-tricks,https://discord.com/channels/850913821240983553/851482546100633601/1031990438091046932,legacy,staging/v1-quarantine/ninja-vs-network.md
set-topics/ninja-vs-ue57.md,NINJA vs UE.5.7,2025-09-24,851482546100633601,tips-tricks,https://discord.com/channels/850913821240983553/851482546100633601/1420362681654710393,legacy,staging/v1-quarantine/recent-legacy/ninja-vs-ue57.md
set-topics/ninjalive-actor.md,NINJALIVE ACTOR,2021-09-27,851482546100633601,tips-tricks,https://discord.com/channels/850913821240983553/851482546100633601/892112549934424085,legacy,staging/v1-quarantine/ninjalive-actor.md
set-topics/no-interaction-in-movie-render-queue.md,NO INTERACTION IN MOVIE RENDER QUEUE,2022-08-10,851482546100633601,tips-tricks,https://discord.com/channels/850913821240983553/851482546100633601/1006961843996200981,legacy,staging/v1-quarantine/no-interaction-in-movie-render-queue.md
set-topics/non-interactive-pattern-generators.md,NON-INTERACTIVE PATTERN GENERATORS,2022-10-17,851482546100633601,tips-tricks,https://discord.com/channels/850913821240983553/851482546100633601/1031504156931928064,legacy,staging/v1-quarantine/non-interactive-pattern-generators.md
set-topics/on-the-recent-ninja-update.md,ON THE RECENT NINJA UPDATE,2024-03-02,851482546100633601,tips-tricks,https://discord.com/channels/850913821240983553/851482546100633601/1213405425576321024,legacy,staging/v1-quarantine/on-the-recent-ninja-update.md
set-topics/packaging.md,PACKAGING,2021-11-10,851482546100633601,tips-tricks,https://discord.com/channels/850913821240983553/851482546100633601/907966108609445889,legacy,staging/v1-quarantine/packaging.md
set-topics/particle-capturing.md,PARTICLE CAPTURING,2023-04-13,851482546100633601,tips-tricks,https://discord.com/channels/850913821240983553/851482546100633601/1095982853944266863,legacy,staging/v1-quarantine/particle-capturing.md
set-topics/particle-color.md,PARTICLE COLOR,2022-09-27,851482546100633601,tips-tricks,https://discord.com/channels/850913821240983553/851482546100633601/1024246491927302145,legacy,staging/v1-quarantine/particle-color.md
set-topics/particles-vertical-displacement.md,"PARTICLES, VERTICAL DISPLACEMENT",2022-07-26,851482546100633601,tips-tricks,https://discord.com/channels/850913821240983553/851482546100633601/1001385369104822302,legacy,staging/v1-quarantine/particles-vertical-displacement.md
set-topics/particles.md,PARTICLES,2022-09-27,851482546100633601,tips-tricks,https://discord.com/channels/850913821240983553/851482546100633601/1024440248886898709,legacy,staging/v1-quarantine/particles.md
set-topics/pcg.md,PCG,2025-09-18,850913821827792940,general,https://discord.com/channels/850913821240983553/850913821827792940/1418149816634183721,legacy,staging/v1-quarantine/recent-legacy/pcg.md
set-topics/pie-vs-package.md,PIE vs PACKAGE,2021-10-01,851482546100633601,tips-tricks,https://discord.com/channels/850913821240983553/851482546100633601/893419680625213451,legacy,staging/v1-quarantine/pie-vs-package.md
set-topics/pre-warm.md,PRE-WARM,2021-12-07,851482546100633601,tips-tricks,https://discord.com/channels/850913821240983553/851482546100633601/917716523181830164,legacy,staging/v1-quarantine/pre-warm.md
set-topics/presets.md,PRESETS,2026-03-20,1466643263774527741,live-2-beta-info,https://discord.com/channels/850913821240983553/1466643263774527741/1484434734191743048,v2,ACTIVE
set-topics/raytracing.md,RAYTRACING,2021-10-17,850926358196125726,ninjalive-issues,https://discord.com/channels/850913821240983553/850926358196125726/899230124078141450,legacy,staging/v1-quarantine/raytracing.md
set-topics/replication-multiplayer-split-screen.md,"REPLICATION, MULTIPLAYER, SPLIT-SCREEN",2022-12-09,851482546100633601,tips-tricks,https://discord.com/channels/850913821240983553/851482546100633601/1050688301956354088,legacy,staging/v1-quarantine/replication-multiplayer-split-screen.md
set-topics/rivers-splines-tiling.md,"RIVERS, SPLINES, TILING",2023-10-31,851482546100633601,tips-tricks,https://discord.com/channels/850913821240983553/851482546100633601/1168867443318468649,legacy,staging/v1-quarantine/rivers-splines-tiling.md
set-topics/rivers.md,RIVERS,2023-07-20,851482546100633601,tips-tricks,https://discord.com/channels/850913821240983553/851482546100633601/1131560301184176178,legacy,staging/v1-quarantine/rivers.md
set-topics/sea-surface-patterns.md,SEA SURFACE PATTERNS,2026-05-13,850913821827792940,general,https://discord.com/channels/850913821240983553/850913821827792940/1504051818198728754,legacy,staging/v1-quarantine/recent-legacy/sea-surface-patterns.md
set-topics/shoreline.md,SHORELINE,2023-11-21,851482546100633601,tips-tricks,https://discord.com/channels/850913821240983553/851482546100633601/1176498081492107314,legacy,staging/v1-quarantine/shoreline.md
set-topics/sim-activation.md,SIM ACTIVATION,2022-09-25,851482546100633601,tips-tricks,https://discord.com/channels/850913821240983553/851482546100633601/1023610937363677297,legacy,staging/v1-quarantine/sim-activation.md
set-topics/sim-area-size.md,SIM AREA SIZE,2025-04-06,851482546100633601,tips-tricks,https://discord.com/channels/850913821240983553/851482546100633601/1358539606571614309,legacy,staging/v1-quarantine/recent-legacy/sim-area-size.md
set-topics/simulation-resolution-detail-maps.md,SIMULATION RESOLUTION + DETAIL MAPS,2021-07-14,851482546100633601,tips-tricks,https://discord.com/channels/850913821240983553/851482546100633601/864840453782110228,legacy,staging/v1-quarantine/simulation-resolution-detail-maps.md
set-topics/sinking-ship-setup.md,SINKING SHIP SETUP,2026-02-11,850913821827792940,general,https://discord.com/channels/850913821240983553/850913821827792940/1471050935349284864,legacy,staging/v1-quarantine/recent-legacy/sinking-ship-setup.md
set-topics/skipping-material-parameter-collections.md,SKIPPING MATERIAL PARAMETER COLLECTIONS,2024-04-26,851482546100633601,tips-tricks,https://discord.com/channels/850913821240983553/851482546100633601/1233438910420488232,legacy,staging/v1-quarantine/skipping-material-parameter-collections.md
set-topics/sm6.md,SM6,2023-02-09,851482546100633601,tips-tricks,https://discord.com/channels/850913821240983553/851482546100633601/1073189325237407804,legacy,staging/v1-quarantine/sm6.md
set-topics/soft-refs-to-hard-refs.md,SOFT REFS to HARD REFS,2024-07-31,851482546100633601,tips-tricks,https://discord.com/channels/850913821240983553/851482546100633601/1268277735827177653,legacy,staging/v1-quarantine/soft-refs-to-hard-refs.md
set-topics/spawning-1.md,SPAWNING,2023-02-27,851482546100633601,tips-tricks,https://discord.com/channels/850913821240983553/851482546100633601/1079728780211396700,legacy,staging/v1-quarantine/spawning-1.md
set-topics/spawning.md,SPAWNING,2023-02-27,850913821827792940,general,https://discord.com/channels/850913821240983553/850913821827792940/1079727716229709945,legacy,staging/v1-quarantine/spawning.md
set-topics/step-by-step-guide-for-movie-render-queue.md,STEP-BY-STEP GUIDE FOR MOVIE RENDER QUEUE,2023-05-05,851482546100633601,tips-tricks,https://discord.com/channels/850913821240983553/851482546100633601/1104000639702405230,legacy,staging/v1-quarantine/step-by-step-guide-for-movie-render-queue.md
set-topics/temp-arrays.md,TEMP ARRAYS,2021-06-29,851482546100633601,tips-tricks,https://discord.com/channels/850913821240983553/851482546100633601/859392782232977438,legacy,staging/v1-quarantine/temp-arrays.md
set-topics/texture-asset-references.md,TEXTURE ASSET REFERENCES,2021-12-07,851482546100633601,tips-tricks,https://discord.com/channels/850913821240983553/851482546100633601/917840100040253450,legacy,staging/v1-quarantine/texture-asset-references.md
set-topics/tracking-bones.md,TRACKING BONES,2021-12-17,851482546100633601,tips-tricks,https://discord.com/channels/850913821240983553/851482546100633601/921416467281489940,legacy,staging/v1-quarantine/tracking-bones.md
set-topics/two-way-interaction.md,TWO WAY INTERACTION,2021-09-24,851482546100633601,tips-tricks,https://discord.com/channels/850913821240983553/851482546100633601/890879784668770334,legacy,staging/v1-quarantine/two-way-interaction.md
set-topics/ue5-lack-of-interaction.md,UE5 / (LACK OF) INTERACTION,2021-07-25,850926358196125726,ninjalive-issues,https://discord.com/channels/850913821240983553/850926358196125726/868960960268890174,legacy,staging/v1-quarantine/ue5-lack-of-interaction.md
set-topics/underwater-postprocess-switch.md,UNDERWATER POSTPROCESS SWITCH,2026-03-30,850913821827792940,general,https://discord.com/channels/850913821240983553/850913821827792940/1488064378111656066,legacy,staging/v1-quarantine/recent-legacy/underwater-postprocess-switch.md
set-topics/using-rendertargets.md,USING RENDERTARGETS,2021-08-28,851482546100633601,tips-tricks,https://discord.com/channels/850913821240983553/851482546100633601/881167786724966440,legacy,staging/v1-quarantine/using-rendertargets.md
set-topics/using-sequencer-and-movie-render-queue.md,USING SEQUENCER AND MOVIE RENDER QUEUE,2021-06-17,851482546100633601,tips-tricks,https://discord.com/channels/850913821240983553/851482546100633601/855045445377327105,legacy,staging/v1-quarantine/using-sequencer-and-movie-render-queue.md
set-topics/volmetrics-volumefog-vs-volumesmoke-responsivity.md,VOLMETRICS --- VolumeFog vs VolumeSmoke --- responsivity,2022-08-14,851482546100633601,tips-tricks,https://discord.com/channels/850913821240983553/851482546100633601/1008271345102102548,legacy,staging/v1-quarantine/volmetrics-volumefog-vs-volumesmoke-responsivity.md
set-topics/volume-clouds.md,VOLUME CLOUDS,2021-06-29,850913821827792940,general,https://discord.com/channels/850913821240983553/850913821827792940/859535851679121489,legacy,staging/v1-quarantine/volume-clouds.md
set-topics/volume-fog-color.md,VOLUME FOG COLOR,2021-09-16,850913821827792940,general,https://discord.com/channels/850913821240983553/850913821827792940/887990556607782922,legacy,staging/v1-quarantine/volume-fog-color.md
set-topics/volume-fog-quality.md,VOLUME FOG QUALITY,2022-09-08,851482546100633601,tips-tricks,https://discord.com/channels/850913821240983553/851482546100633601/1017354204349734973,legacy,staging/v1-quarantine/volume-fog-quality.md
set-topics/volume-fog-visibility-and-distance-fade.md,VOLUME FOG VISIBILITY and DISTANCE FADE,2021-07-01,851482546100633601,tips-tricks,https://discord.com/channels/850913821240983553/851482546100633601/860217413761237023,legacy,staging/v1-quarantine/volume-fog-visibility-and-distance-fade.md
set-topics/volume-usage.md,VOLUME USAGE,2026-03-26,850913821827792940,general,https://discord.com/channels/850913821240983553/850913821827792940/1486636309714833518,legacy,staging/v1-quarantine/recent-legacy/volume-usage.md
set-topics/volume-visibility.md,VOLUME VISIBILITY,2024-10-08,851482546100633601,tips-tricks,https://discord.com/channels/850913821240983553/851482546100633601/1293295787660279919,legacy,staging/v1-quarantine/volume-visibility.md
set-topics/volumecloud-quality.md,VOLUMECLOUD QUALITY,2022-08-24,851482546100633601,tips-tricks,https://discord.com/channels/850913821240983553/851482546100633601/1011891108453818479,legacy,staging/v1-quarantine/volumecloud-quality.md
set-topics/volumetrics.md,VOLUMETRICS,2026-05-18,1466643263774527741,live-2-beta-info,https://discord.com/channels/850913821240983553/1466643263774527741/1505877985855672470,v2,ACTIVE
set-topics/water-foam.md,WATER FOAM,2023-12-04,851482546100633601,tips-tricks,https://discord.com/channels/850913821240983553/851482546100633601/1181223435200892958,legacy,staging/v1-quarantine/water-foam.md
set-topics/water-meshes.md,WATER / MESHES,2022-07-14,851482546100633601,tips-tricks,https://discord.com/channels/850913821240983553/851482546100633601/997067383241973812,legacy,staging/v1-quarantine/water-meshes.md
set-topics/waterline.md,WATERLINE,2023-02-21,851482546100633601,tips-tricks,https://discord.com/channels/850913821240983553/851482546100633601/1077536190108008457,legacy,staging/v1-quarantine/waterline.md
set-topics/wave-height.md,WAVE HEIGHT,2023-06-05,851482546100633601,tips-tricks,https://discord.com/channels/850913821240983553/851482546100633601/1115311693103366194,legacy,staging/v1-quarantine/wave-height.md
set-topics/world-space-interaction.md,WORLD SPACE INTERACTION,2022-08-21,851482546100633601,tips-tricks,https://discord.com/channels/850913821240983553/851482546100633601/1010851263384145920,legacy,staging/v1-quarantine/world-space-interaction.md
